"recencia_dias","num_facturas_12m","meses_con_compra_12m","meses_con_compra_24m","pct_regularidad","neto_12m","bruto_12m","rentab_12m","costo_12m","unidades_12m","ticket_medio_neto","ticket_medio_bruto","pct_margen","pct_descuento_real","devuelto_12m","num_nc_12m","tasa_devolucion","num_referencias_12m","num_familias_12m","neto_6m_rec","neto_6m_ant","pct_tendencia","meses_vida_cliente","meses_sin_comprar","anios_con_compra","neto_historico","rentab_historico","antiguedad_anios","rentab_media_anual","prob_churn","clv_proyectado_2a","r_score","f_score","m_score","rfm_score","segmento_rfm","etapa_ciclo_vida","tendencia","pareto_v","pareto_r","medio_predominante","forma_pago","churn"
214,62,6,17,47.2,72838.3900,142146.9600,26439.8485,46398.5415,10573.0000,1174.81,2292.69,36.30,48.76,788.9700,3,0.0108,216,11,0.0000,72838.3900,-100.0,36,7,4,486586.2800,168703.7106,3.00,56234.57,0.50,56234.57,2,5,5,4.10,EN_RIESGO,EN_RIESGO,DECAYENDO,A,A,Tradicional,Crédito 90 días 3P (30-60-90),1
137,8,5,11,47.8,3478.6200,6381.7500,1226.1167,2252.5033,339.0000,434.83,797.72,35.25,45.49,0.0000,0,0.0000,24,9,636.1500,2842.4700,-77.6,23,4,3,7198.7600,2441.0771,1.92,1273.61,0.20,2037.77,3,4,4,3.70,LEAL_ALTO_VALOR,RIESGO_TEMPRANO,DECAYENDO,C,C,Tradicional,Crédito 60 días 2P (30-60),0
13,10,7,9,25.7,8301.5300,12211.1700,4180.7701,4120.7599,182.0000,830.15,1221.12,50.36,32.02,0.0000,0,0.0000,54,8,5782.6500,2518.8800,129.6,35,0,3,10046.3300,5123.2936,2.92,1756.56,0.05,3337.46,5,5,5,5.00,CAMPEON,MADURO,CRECIENDO,C,B,Tradicional,Contado - Efectivo,0
60,1,1,5,14.3,389.6300,556.6100,285.3743,104.2557,3.0000,389.63,556.61,73.24,30.00,0.0000,0,0.0000,2,1,389.6300,0.0000,,35,2,4,4605.6700,2964.1719,2.92,1016.29,0.05,1930.95,4,2,3,3.00,NUEVO_PROMETEDOR,MADURO,SIN_HISTORICO,C,C,Tradicional,Crédito 30 días,0
319,1,1,1,10.0,117.6000,147.0000,69.2454,48.3546,1.0000,117.60,147.00,58.88,20.00,0.0000,0,0.0000,1,1,0.0000,117.6000,-100.0,10,10,1,117.6000,69.2454,0.83,83.09,0.50,83.09,1,1,2,1.40,HIBERNANDO,EN_RIESGO,DECAYENDO,C,C,Tradicional,Contado - Efectivo,1
3,96,7,19,52.8,195610.5200,403731.0900,61247.9140,134362.6060,24936.0000,2037.61,4205.53,31.31,51.55,667.2200,3,0.0034,238,12,24380.5500,171229.9700,-85.8,36,0,4,766137.3400,212384.3318,3.00,70794.78,0.05,134510.08,5,5,5,5.00,CAMPEON,MADURO,DECAYENDO,A,A,Tradicional,Crédito 90 días 3P (30-60-90),0
6,18,10,17,48.6,29781.1300,46870.3400,19230.9431,10550.1869,243.0000,1654.51,2603.91,64.57,36.46,5242.0300,1,0.1760,26,4,14279.9200,15501.2100,-7.9,35,0,4,180167.6500,78204.3147,2.92,26812.91,0.05,50944.54,5,5,5,5.00,CAMPEON,MADURO,ESTABLE,B,B,Tradicional,Crédito 8 días,0
235,1,1,1,14.3,13.0400,22.7500,5.7107,7.3293,1.0000,13.04,22.75,43.79,42.68,0.0000,0,0.0000,1,1,0.0000,13.0400,-100.0,7,7,1,13.0400,5.7107,0.58,9.79,0.50,9.79,2,2,1,1.60,HIBERNANDO,EN_RIESGO,DECAYENDO,C,C,Tradicional,Contado - Efectivo,1
12,4,3,4,26.7,544.2600,753.3900,345.6575,198.6025,21.5000,136.07,188.35,63.51,27.76,0.0000,0,0.0000,6,2,544.2600,0.0000,,15,0,2,1738.5300,1216.0251,1.25,972.82,0.05,1848.36,5,4,3,3.90,LEAL_POTENCIAL,MADURO,SIN_HISTORICO,C,C,Tradicional,Contado - Efectivo,0
14,3,2,2,25.0,722.6200,984.8300,469.6599,252.9601,18.0000,240.87,328.28,64.99,26.62,0.0000,0,0.0000,5,4,384.0800,338.5400,13.5,8,0,1,722.6200,469.6599,0.67,704.49,0.05,1338.53,5,4,3,3.90,LEAL_POTENCIAL,DESARROLLO,CRECIENDO,C,C,Tradicional,Contado - Efectivo,0
0,55,10,10,111.1,19970.6100,39375.5000,6738.3356,13232.2744,3191.0000,363.10,715.92,33.74,49.28,73.4200,1,0.0037,119,13,7395.2800,12575.3300,-41.2,9,0,1,19970.6100,6738.3356,0.75,8984.45,0.05,17070.45,5,5,5,5.00,CAMPEON,DESARROLLO,DECAYENDO,B,B,Tradicional,Crédito 90 días 3P (30-60-90),0
140,1,1,3,12.0,81.5800,111.1500,44.5443,37.0357,5.0000,81.58,111.15,54.60,26.60,0.0000,0,0.0000,2,2,81.5800,0.0000,,25,4,3,376.2300,211.6192,2.08,101.58,0.20,162.52,3,2,1,1.90,OCASIONAL,RIESGO_TEMPRANO,SIN_HISTORICO,C,C,Tradicional,Contado - Efectivo,0
315,1,1,2,8.3,120.8000,161.0600,68.5132,52.2868,4.0000,120.80,161.06,56.72,25.00,0.0000,0,0.0000,4,3,0.0000,120.8000,-100.0,24,10,2,1649.9100,878.1599,2.00,439.08,0.50,439.08,1,1,2,1.40,HIBERNANDO,EN_RIESGO,DECAYENDO,C,C,Tradicional,Contado - Efectivo,1
3,3,3,5,33.3,3605.1800,4960.2300,1877.1876,1727.9924,3.0000,1201.73,1653.41,52.07,27.32,0.0000,0,0.0000,2,1,845.3000,2759.8800,-69.4,15,0,2,5622.1200,2918.1056,1.25,2334.48,0.05,4435.52,5,4,4,4.30,CAMPEON,MADURO,DECAYENDO,C,C,Tradicional,Contado - Efectivo,0
256,1,1,1,3.1,29.5800,45.5000,14.9214,14.6586,2.0000,29.58,45.50,50.44,34.99,0.0000,0,0.0000,1,1,0.0000,29.5800,-100.0,32,8,2,2244.2400,1041.1055,2.67,390.41,0.50,390.41,2,1,1,1.30,HIBERNANDO,EN_RIESGO,DECAYENDO,C,C,Tradicional,Contado - Efectivo,1
60,2,1,1,50.0,456.3900,460.6800,107.7055,348.6845,26.0000,228.20,230.34,23.60,0.93,0.0000,0,0.0000,5,3,456.3900,0.0000,,2,2,1,456.3900,107.7055,0.17,646.24,0.05,1227.85,4,3,3,3.30,LEAL_POTENCIAL,ADQUISICION,SIN_HISTORICO,C,C,Tradicional,Contado - Efectivo,0
13,1,1,2,5.6,84.2300,112.3000,40.8705,43.3595,5.0000,84.23,112.30,48.52,25.00,0.0000,0,0.0000,1,1,84.2300,0.0000,,36,0,4,253.6400,125.4023,3.00,41.80,0.05,79.42,5,3,1,2.80,LEAL_POTENCIAL,MADURO,SIN_HISTORICO,C,C,Tradicional,Contado - Efectivo,0
3,46,12,23,95.8,17390.4300,36543.5500,5697.7304,11692.6996,1273.5000,378.05,794.43,32.76,52.41,547.4700,1,0.0315,44,10,7508.1100,9882.3200,-24.0,24,0,3,55100.9500,24311.8224,2.00,12155.91,0.05,23096.23,5,5,5,5.00,CAMPEON,MADURO,DECAYENDO,B,B,Tradicional,Crédito 90 días 3P (30-60-90),0
53,1,1,1,3.2,0.9200,1.2600,0.4640,0.4560,6.0000,0.92,1.26,50.43,26.98,0.0000,0,0.0000,1,1,0.9200,0.0000,,31,1,2,2156.5800,971.0632,2.58,375.90,0.05,714.20,4,2,1,2.20,NUEVO_PROMETEDOR,MADURO,SIN_HISTORICO,C,C,Tradicional,Contado - Efectivo,0
4,214,12,24,66.7,211774.1600,358231.1500,115506.9520,96267.2080,25224.0000,989.60,1673.98,54.54,40.88,1968.0100,2,0.0093,63,4,120379.7500,91394.4100,31.7,36,0,4,884560.8100,458899.2410,3.00,152966.41,0.05,290636.19,5,5,5,5.00,CAMPEON,MADURO,CRECIENDO,A,A,Tradicional,Crédito 30 días,0
216,1,1,1,14.3,601.3200,859.0300,268.4672,332.8528,1.0000,601.32,859.03,44.65,30.00,0.0000,0,0.0000,1,1,0.0000,601.3200,-100.0,7,7,1,601.3200,268.4672,0.58,460.23,0.50,460.23,2,2,3,2.40,HIBERNANDO,EN_RIESGO,DECAYENDO,C,C,Tradicional,Crédito 8 días,1
185,4,2,4,11.4,729.4900,1074.0800,452.1912,277.2988,12.0000,182.37,268.52,61.99,32.08,0.0000,0,0.0000,6,5,0.0000,729.4900,-100.0,35,6,3,5612.8000,3753.5825,2.92,1286.94,0.20,2059.11,2,4,3,3.00,NECESITA_ATENCION,RIESGO_TEMPRANO,DECAYENDO,C,C,Tradicional,Crédito 8 días,0
70,16,6,6,85.7,41797.9000,42422.1100,15320.2845,26477.6155,1159.0000,2612.37,2651.38,36.65,1.47,4401.9700,3,0.1053,20,5,26967.3800,14830.5200,81.8,7,2,1,41797.9000,15320.2845,0.58,26263.36,0.05,49900.38,3,5,5,4.40,LEAL_ALTO_VALOR,DESARROLLO,CRECIENDO,B,B,Tradicional,Crédito 30 días,0
105,2,2,3,12.5,1008.9300,1781.9000,350.6234,658.3066,18.0000,504.47,890.95,34.75,43.38,0.0000,0,0.0000,2,1,541.8900,467.0400,16.0,24,3,2,1222.0800,437.0802,2.00,218.54,0.05,415.23,3,3,3,3.00,LEAL_POTENCIAL,MADURO,CRECIENDO,C,C,Tradicional,Crédito 8 días,0
241,1,1,1,2.9,158.5600,243.9400,103.1414,55.4186,1.0000,158.56,243.94,65.05,35.00,0.0000,0,0.0000,1,1,0.0000,158.5600,-100.0,34,8,3,1459.9300,851.1632,2.83,300.41,0.50,300.41,2,1,2,1.70,HIBERNANDO,EN_RIESGO,DECAYENDO,C,C,Tradicional,Crédito 30 días,1
187,1,1,3,11.1,17.3900,30.2500,5.1863,12.2037,1.0000,17.39,30.25,29.82,42.51,0.0000,0,0.0000,1,1,0.0000,17.3900,-100.0,27,6,3,140.3000,76.2572,2.25,33.89,0.20,54.23,2,2,1,1.60,HIBERNANDO,RIESGO_TEMPRANO,DECAYENDO,C,C,Tradicional,Contado - Efectivo,0
259,1,1,1,12.5,870.4800,1450.8000,314.8600,555.6200,104.0000,870.48,1450.80,36.17,40.00,0.0000,0,0.0000,1,1,0.0000,870.4800,-100.0,8,8,1,870.4800,314.8600,0.67,472.29,0.50,472.29,2,2,3,2.40,HIBERNANDO,EN_RIESGO,DECAYENDO,C,C,Tradicional,Contado - Efectivo,1
47,1,1,3,11.1,88.4400,115.9400,59.8489,28.5911,23.0000,88.44,115.94,67.67,23.72,0.0000,0,0.0000,4,3,88.4400,0.0000,,27,1,3,849.6300,408.4111,2.25,181.52,0.05,344.88,4,2,1,2.20,NUEVO_PROMETEDOR,MADURO,SIN_HISTORICO,C,C,Tradicional,Contado - Efectivo,0
13,38,12,23,65.7,101874.7900,202727.6900,35368.1510,66506.6390,10024.0000,2680.92,5334.94,34.72,49.75,0.0000,0,0.0000,115,7,50362.3600,51512.4300,-2.2,35,0,4,285202.2700,100445.1754,2.92,34438.35,0.05,65432.87,5,5,5,5.00,CAMPEON,MADURO,ESTABLE,A,A,Tradicional,Crédito 90 días 3P (30-60-90),0
332,1,1,1,9.1,77.0700,135.2000,31.0170,46.0530,6.0000,77.07,135.20,40.25,43.00,0.0000,0,0.0000,2,1,0.0000,77.0700,-100.0,11,11,1,77.0700,31.0170,0.92,33.84,0.50,33.84,1,1,1,1.00,HIBERNANDO,EN_RIESGO,DECAYENDO,C,C,Tradicional,Contado - Efectivo,1
348,1,1,1,9.1,48.4700,60.5900,28.7022,19.7678,9.0000,48.47,60.59,59.22,20.00,0.0000,0,0.0000,4,1,0.0000,48.4700,-100.0,11,11,1,48.4700,28.7022,0.92,31.31,0.50,31.31,1,1,1,1.00,HIBERNANDO,EN_RIESGO,DECAYENDO,C,C,Tradicional,Contado - Efectivo,1
6,9,8,17,48.6,5284.1800,9267.9300,2612.1077,2672.0723,1163.0000,587.13,1029.77,49.43,42.98,0.0000,0,0.0000,17,2,3012.3800,2271.8000,32.6,35,0,4,17225.6900,8559.9728,2.92,2934.85,0.05,5576.21,5,4,4,4.30,CAMPEON,MADURO,CRECIENDO,B,B,Tradicional,Crédito 60 días 2P (30-60),0
81,7,4,8,50.0,57154.5600,57154.5600,26772.0828,30382.4772,19.0000,8164.94,8164.94,46.84,0.00,0.0000,0,0.0000,18,5,5201.8900,51952.6700,-90.0,16,2,2,180403.9500,100366.6039,1.33,75274.97,0.05,143022.45,3,4,5,4.10,LEAL_ALTO_VALOR,MADURO,DECAYENDO,A,A,Tradicional,Crédito 30 días,0
105,1,1,1,33.3,307.5600,559.2000,86.1006,221.4594,3.0000,307.56,559.20,27.99,45.00,0.0000,0,0.0000,1,1,307.5600,0.0000,,3,3,1,307.5600,86.1006,0.25,344.40,0.05,654.36,3,2,2,2.30,OCASIONAL,ADQUISICION,SIN_HISTORICO,C,C,Tradicional,Contado - Efectivo,0
87,9,5,10,33.3,2101.8200,3013.1300,1009.7349,1092.0851,72.0000,233.54,334.79,48.04,30.24,307.6400,1,0.1464,21,4,1257.1000,844.7200,48.8,30,2,3,4840.0200,2377.0918,2.50,950.84,0.05,1806.59,3,4,4,3.70,LEAL_ALTO_VALOR,MADURO,CRECIENDO,C,C,Tradicional,Contado - Efectivo,0
108,1,1,1,33.3,31.5000,35.0000,25.7141,5.7859,1.0000,31.50,35.00,81.63,10.00,0.0000,0,0.0000,1,1,31.5000,0.0000,,3,3,1,31.5000,25.7141,0.25,102.86,0.05,195.43,3,2,1,1.90,OCASIONAL,ADQUISICION,SIN_HISTORICO,C,C,Tradicional,Contado - Efectivo,0
126,2,1,2,8.7,195.8300,262.6600,124.9459,70.8841,6.0000,97.92,131.33,63.80,25.44,0.0000,0,0.0000,4,2,195.8300,0.0000,,23,4,2,235.0400,151.4899,1.92,79.04,0.20,126.46,3,3,2,2.60,LEAL_POTENCIAL,RIESGO_TEMPRANO,SIN_HISTORICO,C,C,Tradicional,Contado - Efectivo,0
46,2,1,1,100.0,962.2100,1615.6000,450.2291,511.9809,30.0000,481.11,807.80,46.79,40.44,0.0000,0,0.0000,7,2,962.2100,0.0000,,1,1,1,962.2100,450.2291,0.08,5402.77,0.05,10265.26,4,3,3,3.30,LEAL_POTENCIAL,ADQUISICION,SIN_HISTORICO,C,C,Tradicional,Contado - Efectivo,0
82,5,4,4,57.1,2216.4200,4659.8400,622.4381,1593.9819,361.0000,443.28,931.97,28.08,52.44,0.0000,0,0.0000,20,7,1859.2200,357.2000,420.5,7,2,1,2216.4200,622.4381,0.58,1067.04,0.05,2027.37,3,4,4,3.70,LEAL_ALTO_VALOR,DESARROLLO,CRECIENDO,C,C,Tradicional,Crédito 60 días 2P (45-60),0
151,1,1,1,20.0,217.8600,272.3300,135.9550,81.9050,7.0000,217.86,272.33,62.40,20.00,0.0000,0,0.0000,2,1,217.8600,0.0000,,5,5,1,217.8600,135.9550,0.42,326.29,0.20,522.07,2,1,2,1.70,HIBERNANDO,RIESGO_TEMPRANO,SIN_HISTORICO,C,C,Tradicional,Contado - Efectivo,0
241,1,1,1,12.5,8328.4300,14359.3600,2305.7052,6022.7248,184.0000,8328.43,14359.36,27.68,42.00,0.0000,0,0.0000,1,1,0.0000,8328.4300,-100.0,8,8,1,8328.4300,2305.7052,0.67,3458.56,0.50,3458.56,2,1,5,2.90,HIBERNANDO,EN_RIESGO,DECAYENDO,C,C,Tradicional,Crédito 30 días,1
10,102,13,25,69.4,71535.6000,121280.7600,31653.4771,39882.1229,6787.0000,701.33,1189.03,44.25,41.02,900.1400,1,0.0126,195,12,27444.8700,44090.7300,-37.8,36,0,4,207387.0900,87391.7254,3.00,29130.58,0.05,55348.09,5,5,5,5.00,CAMPEON,MADURO,DECAYENDO,A,A,Tradicional,Crédito 90 días 3P (30-60-90),0
10,1,1,1,,1345.0800,1345.0800,511.5840,833.4960,4.0000,1345.08,1345.08,38.03,0.00,0.0000,0,0.0000,4,1,1345.0800,0.0000,,0,0,1,1345.0800,511.5840,0.00,,0.05,,5,2,4,3.70,NUEVO_PROMETEDOR,ADQUISICION,SIN_HISTORICO,C,C,Tradicional,Crédito 60 días,0
340,1,1,2,10.5,474.6600,698.0200,142.3892,332.2708,3.0000,474.66,698.02,30.00,32.00,0.0000,0,0.0000,2,1,0.0000,474.6600,-100.0,19,11,1,2524.6500,1097.1791,1.58,692.96,0.50,692.96,1,1,3,1.80,HIBERNANDO,EN_RIESGO,DECAYENDO,C,C,Tradicional,Contado - Efectivo,1
82,1,1,1,50.0,111.2100,146.6800,80.3496,30.8604,22.0000,111.21,146.68,72.25,24.18,0.0000,0,0.0000,2,2,111.2100,0.0000,,2,2,1,111.2100,80.3496,0.17,482.10,0.05,915.99,3,3,2,2.60,LEAL_POTENCIAL,ADQUISICION,SIN_HISTORICO,C,C,Tradicional,Contado - Efectivo,0
364,1,1,3,13.0,16.6700,22.2200,10.9430,5.7270,1.0000,16.67,22.22,65.64,24.98,0.0000,0,0.0000,1,1,0.0000,16.6700,-100.0,23,12,2,770.0300,413.3684,1.92,215.67,0.50,215.67,1,1,1,1.00,HIBERNANDO,EN_RIESGO,DECAYENDO,C,C,Tradicional,Crédito 30 días,1
89,3,2,5,20.8,3885.5900,5798.8800,2217.9946,1667.5954,157.0000,1295.20,1932.96,57.08,32.99,0.0000,0,0.0000,2,1,221.1000,3664.4900,-94.0,24,3,3,5147.1800,3047.5872,2.00,1523.79,0.05,2895.21,3,4,4,3.70,LEAL_ALTO_VALOR,MADURO,DECAYENDO,C,C,Tradicional,Contado - Efectivo,0
159,1,1,1,20.0,457.5500,635.3600,304.1612,153.3888,12.0000,457.55,635.36,66.48,27.99,0.0000,0,0.0000,3,2,457.5500,0.0000,,5,5,1,457.5500,304.1612,0.42,729.99,0.20,1167.98,2,2,3,2.40,HIBERNANDO,RIESGO_TEMPRANO,SIN_HISTORICO,C,C,Tradicional,Contado - Efectivo,0
362,1,1,3,13.0,94.6900,125.2300,62.9293,31.7607,6.0400,94.69,125.23,66.46,24.39,0.0000,0,0.0000,3,2,0.0000,94.6900,-100.0,23,12,2,169.0000,116.2770,1.92,60.67,0.50,60.67,1,1,1,1.00,HIBERNANDO,EN_RIESGO,DECAYENDO,C,C,Tradicional,Contado - Efectivo,1
200,2,2,2,28.6,314.4700,383.5000,203.7800,110.6900,50.0000,157.24,191.75,64.80,18.00,0.0000,0,0.0000,1,1,0.0000,314.4700,-100.0,7,6,1,314.4700,203.7800,0.58,349.34,0.20,558.94,2,3,2,2.30,NECESITA_ATENCION,RIESGO_TEMPRANO,DECAYENDO,C,C,Tradicional,Contado - Efectivo,0
12,1,1,1,,641.8900,641.8900,147.2865,494.6035,1.0000,641.89,641.89,22.95,0.00,0.0000,0,0.0000,1,1,641.8900,0.0000,,0,0,1,641.8900,147.2865,0.00,,0.05,,5,2,3,3.30,NUEVO_PROMETEDOR,ADQUISICION,SIN_HISTORICO,C,C,Tradicional,Contado - Transferencias,0
185,1,1,1,16.7,2151.7700,5004.1000,384.3977,1767.3723,31.0000,2151.77,5004.10,17.86,57.00,0.0000,0,0.0000,3,1,0.0000,2151.7700,-100.0,6,6,1,2151.7700,384.3977,0.50,768.80,0.20,1230.07,2,2,4,2.80,HIBERNANDO,RIESGO_TEMPRANO,DECAYENDO,C,C,Tradicional,Contado - Efectivo,0
286,1,1,1,2.8,172.4700,287.4500,82.2900,90.1800,1.0000,172.47,287.45,47.71,40.00,0.0000,0,0.0000,1,1,0.0000,172.4700,-100.0,36,9,3,907.6600,281.7952,3.00,93.93,0.50,93.93,1,1,2,1.40,HIBERNANDO,EN_RIESGO,DECAYENDO,C,C,Tradicional,Contado - Efectivo,1
329,1,1,1,10.0,28.8400,38.4400,15.8983,12.9417,7.0000,28.84,38.44,55.13,24.97,0.0000,0,0.0000,3,1,0.0000,28.8400,-100.0,10,10,1,28.8400,15.8983,0.83,19.08,0.50,19.08,1,1,1,1.00,HIBERNANDO,EN_RIESGO,DECAYENDO,C,C,Tradicional,Contado - Efectivo,1
159,11,4,4,40.0,6571.8400,9949.4200,3876.1426,2695.6974,127.0000,597.44,904.49,58.98,33.95,0.0000,0,0.0000,13,6,637.1700,5934.6700,-89.3,10,5,2,6571.8400,3876.1426,0.83,4651.37,0.20,7442.20,2,5,4,3.70,EN_RIESGO,RIESGO_TEMPRANO,DECAYENDO,C,B,Tradicional,Contado - Efectivo,0
363,1,1,1,8.3,222.1000,296.1300,149.9330,72.1670,17.0000,222.10,296.13,67.51,25.00,0.0000,0,0.0000,3,2,0.0000,222.1000,-100.0,12,12,1,222.1000,149.9330,1.00,149.93,0.50,149.93,1,1,2,1.40,HIBERNANDO,EN_RIESGO,DECAYENDO,C,C,Tradicional,Contado - Efectivo,1
6,6,3,7,25.9,1978.0000,3011.8100,1223.8431,754.1569,56.0000,329.67,501.97,61.87,34.33,0.0000,0,0.0000,13,3,1978.0000,0.0000,,27,0,3,6062.1200,3496.7513,2.25,1554.11,0.05,2952.81,5,4,4,4.30,CAMPEON,MADURO,SIN_HISTORICO,C,C,Tradicional,Crédito 45 días 2P (30-45),0
13,14,9,13,81.3,5900.9300,9458.6800,3437.6199,2463.3101,767.0000,421.50,675.62,58.26,37.61,329.7500,1,0.0559,22,2,1065.6600,4835.2700,-78.0,16,0,2,16015.5100,9499.9662,1.33,7124.98,0.05,13537.46,5,5,4,4.60,CAMPEON,MADURO,DECAYENDO,B,B,Tradicional,Crédito 60 días 2P (45-60),0
139,1,1,1,25.0,12.4500,15.5600,6.9872,5.4628,1.0000,12.45,15.56,56.12,19.99,0.0000,0,0.0000,1,1,12.4500,0.0000,,4,4,1,12.4500,6.9872,0.33,20.96,0.20,33.54,3,2,1,1.90,OCASIONAL,RIESGO_TEMPRANO,SIN_HISTORICO,C,C,Tradicional,Contado - Efectivo,0
12,4,3,4,22.2,4904.6700,11406.4100,933.4495,3971.2205,540.0000,1226.17,2851.60,19.03,57.00,0.0000,0,0.0000,20,4,4904.6700,0.0000,,18,0,2,5175.0800,1081.5780,1.50,721.05,0.05,1370.00,5,4,4,4.30,CAMPEON,MADURO,SIN_HISTORICO,C,C,Tradicional,Crédito 90 días 3P (30-60-90),0
52,1,1,1,100.0,437.9000,875.8000,119.4338,318.4662,1.0000,437.90,875.80,27.27,50.00,0.0000,0,0.0000,1,1,437.9000,0.0000,,1,1,1,437.9000,119.4338,0.08,1433.21,0.05,2723.10,4,2,3,3.00,NUEVO_PROMETEDOR,ADQUISICION,SIN_HISTORICO,C,C,Tradicional,Contado - Efectivo,0
19,57,12,21,87.5,14677.5500,26504.9300,6212.1379,8465.4121,1054.0000,257.50,465.00,42.32,44.62,107.7800,2,0.0073,108,10,7353.6000,7323.9500,0.4,24,0,3,22911.2100,10445.4377,2.00,5222.72,0.05,9923.17,4,5,5,4.70,CAMPEON,MADURO,ESTABLE,B,B,Tradicional,Crédito 60 días 2P (30-60),0
10,102,13,25,69.4,46713.6600,86655.8900,17523.6990,29189.9610,2451.0000,457.98,849.57,37.51,46.09,0.0000,0,0.0000,193,15,14681.4100,32032.2500,-54.2,36,0,4,160234.1800,67641.9470,3.00,22547.32,0.05,42839.90,5,5,5,5.00,CAMPEON,MADURO,DECAYENDO,B,A,Tradicional,Crédito 90 días 3P (30-60-90),0
56,1,1,1,100.0,17750.0000,17750.0000,3814.0200,13935.9800,2.0000,17750.00,17750.00,21.49,0.00,0.0000,0,0.0000,1,1,17750.0000,0.0000,,1,1,1,17750.0000,3814.0200,0.08,45768.42,0.05,86960.00,4,2,5,3.80,NUEVO_PROMETEDOR,ADQUISICION,SIN_HISTORICO,B,B,Tradicional,Crédito 30 días,0
266,2,2,4,26.7,2626.9400,5399.2800,932.6880,1694.2520,1070.0000,1313.47,2699.64,35.50,51.35,0.0000,0,0.0000,11,2,0.0000,2626.9400,-100.0,15,8,2,11373.8300,2092.1423,1.25,1673.71,0.50,1673.71,1,3,4,2.80,NECESITA_ATENCION,EN_RIESGO,DECAYENDO,C,C,Tradicional,Crédito 90 días 2P (60-90),1
59,1,1,1,50.0,184.4600,245.9400,92.1541,92.3059,1.0000,184.46,245.94,49.96,25.00,0.0000,0,0.0000,1,1,184.4600,0.0000,,2,2,1,184.4600,92.1541,0.17,552.93,0.05,1050.56,4,2,2,2.60,NUEVO_PROMETEDOR,ADQUISICION,SIN_HISTORICO,C,C,Tradicional,Contado - Efectivo,0
27,2,1,1,100.0,2205.3700,3291.6000,1028.7176,1176.6524,40.0000,1102.69,1645.80,46.65,33.00,0.0000,0,0.0000,1,1,2205.3700,0.0000,,1,1,1,2205.3700,1028.7176,0.08,12344.66,0.05,23454.86,4,3,4,3.70,LEAL_ALTO_VALOR,ADQUISICION,SIN_HISTORICO,C,C,Tradicional,Contado - Efectivo,0
19,33,9,14,87.5,13189.9900,24013.5800,6532.3834,6657.6066,2118.0000,399.70,727.68,49.53,45.07,0.0000,0,0.0000,72,10,6125.8200,7064.1700,-13.3,16,0,2,18148.3700,8493.6362,1.33,6370.23,0.05,12103.43,4,5,5,4.70,CAMPEON,MADURO,DECAYENDO,B,B,Tradicional,Crédito 60 días Especial,0
145,2,1,1,25.0,186.5000,368.0000,31.5350,154.9650,155.0000,93.25,184.00,16.91,49.32,121.0000,1,0.6488,2,2,186.5000,0.0000,,4,4,1,186.5000,31.5350,0.33,94.61,0.20,151.37,3,3,2,2.60,LEAL_POTENCIAL,RIESGO_TEMPRANO,SIN_HISTORICO,C,C,Tradicional,Contado - Efectivo,0
81,1,1,1,50.0,345.8700,494.1000,235.1010,110.7690,30.0000,345.87,494.10,67.97,30.00,0.0000,0,0.0000,1,1,345.8700,0.0000,,2,2,1,345.8700,235.1010,0.17,1410.61,0.05,2680.16,3,2,2,2.30,OCASIONAL,ADQUISICION,SIN_HISTORICO,C,C,Tradicional,Contado - Efectivo,0
126,1,1,2,6.3,427.2800,569.7000,301.4063,125.8737,2.0000,427.28,569.70,70.54,25.00,0.0000,0,0.0000,2,1,427.2800,0.0000,,32,4,2,607.9600,397.1002,2.67,148.91,0.20,238.26,3,2,3,2.70,HIBERNANDO,RIESGO_TEMPRANO,SIN_HISTORICO,C,C,Tradicional,Contado - Efectivo,0
278,1,1,3,9.4,861.3000,1148.4000,550.9100,310.3900,1.0000,861.30,1148.40,63.96,25.00,0.0000,0,0.0000,1,1,0.0000,861.3000,-100.0,32,9,3,6934.0600,4845.9766,2.67,1817.24,0.50,1817.24,1,1,3,1.80,HIBERNANDO,EN_RIESGO,DECAYENDO,C,C,Tradicional,Crédito 30 días,1
273,2,1,3,10.0,101.3500,135.1200,55.7993,45.5507,6.0000,50.68,67.56,55.06,24.99,0.0000,0,0.0000,4,1,0.0000,101.3500,-100.0,30,9,3,148.0900,80.6150,2.50,32.25,0.50,32.25,1,3,1,1.60,NECESITA_ATENCION,EN_RIESGO,DECAYENDO,C,C,Tradicional,Contado - Efectivo,1
217,1,1,3,10.7,261.5800,348.7700,176.0247,85.5553,1.0000,261.58,348.77,67.29,25.00,0.0000,0,0.0000,1,1,0.0000,261.5800,-100.0,28,7,3,3343.2100,1408.4123,2.33,603.61,0.50,603.61,2,1,2,1.70,HIBERNANDO,EN_RIESGO,DECAYENDO,C,C,Tradicional,Contado - Efectivo,1
210,1,1,1,3.1,1038.1000,1441.8000,731.7796,306.3204,54.0000,1038.10,1441.80,70.49,28.00,0.0000,0,0.0000,1,1,0.0000,1038.1000,-100.0,32,7,2,1329.9700,899.7296,2.67,337.40,0.50,337.40,2,2,3,2.40,HIBERNANDO,EN_RIESGO,DECAYENDO,C,C,Tradicional,Contado - Efectivo,1
0,1,1,1,,30.7900,42.7600,22.8600,7.9300,6.0000,30.79,42.76,74.24,27.99,0.0000,0,0.0000,3,1,30.7900,0.0000,,0,0,1,30.7900,22.8600,0.00,,0.05,,5,2,1,2.50,NUEVO_PROMETEDOR,ADQUISICION,SIN_HISTORICO,C,C,Tradicional,Contado - Transferencias,0
0,2,2,2,200.0,245.4500,499.2000,82.2930,163.1570,8.0000,122.73,249.60,33.53,50.83,0.0000,0,0.0000,3,1,245.4500,0.0000,,1,0,1,245.4500,82.2930,0.08,987.52,0.05,1876.29,5,3,2,3.20,LEAL_POTENCIAL,ADQUISICION,SIN_HISTORICO,C,C,Tradicional,Contado - Efectivo,0
214,1,1,3,9.1,170.2800,283.8000,79.3920,90.8880,60.0000,170.28,283.80,46.62,40.00,0.0000,0,0.0000,1,1,0.0000,170.2800,-100.0,33,7,3,5427.4800,2309.5620,2.75,839.84,0.50,839.84,2,1,2,1.70,HIBERNANDO,EN_RIESGO,DECAYENDO,C,C,Tradicional,Contado - Efectivo,1
5,72,12,24,66.7,70367.0000,157209.0800,15641.8500,54725.1500,11552.0000,977.32,2183.46,22.23,55.24,1583.1700,3,0.0225,101,10,49494.0100,20872.9900,137.1,36,0,4,287074.4600,59995.3654,3.00,19998.46,0.05,37997.06,5,5,5,5.00,CAMPEON,MADURO,CRECIENDO,A,A,Tradicional,Crédito 90 días 3P (30-60-90),0
347,1,1,1,2.9,542.0300,798.8600,262.7037,279.3263,17.0000,542.03,798.86,48.47,32.15,0.0000,0,0.0000,4,2,0.0000,542.0300,-100.0,35,11,2,865.6300,465.1609,2.92,159.48,0.50,159.48,1,1,3,1.80,HIBERNANDO,EN_RIESGO,DECAYENDO,C,C,Tradicional,Contado - Efectivo,1
42,1,1,1,100.0,116.5100,145.6400,58.2826,58.2274,2.0000,116.51,145.64,50.02,20.00,0.0000,0,0.0000,1,1,116.5100,0.0000,,1,1,1,116.5100,58.2826,0.08,699.39,0.05,1328.85,4,3,2,2.90,LEAL_POTENCIAL,ADQUISICION,SIN_HISTORICO,C,C,Tradicional,Contado - Efectivo,0
279,1,1,1,3.8,22.8100,31.7200,16.1552,6.6548,4.0000,22.81,31.72,70.83,28.09,0.0000,0,0.0000,3,2,0.0000,22.8100,-100.0,26,9,2,254.5800,181.8052,2.17,83.91,0.50,83.91,1,2,1,1.30,HIBERNANDO,EN_RIESGO,DECAYENDO,C,C,Tradicional,Contado - Efectivo,1
3,2,1,4,23.5,621.7500,863.5400,392.4545,229.2955,31.0000,310.88,431.77,63.12,28.00,0.0000,0,0.0000,5,1,621.7500,0.0000,,17,0,2,2030.6300,1246.9703,1.42,880.21,0.05,1672.41,5,3,3,3.60,LEAL_POTENCIAL,MADURO,SIN_HISTORICO,C,C,Tradicional,Contado - Efectivo,0
363,1,1,1,8.3,1169.0600,2997.6000,125.0990,1043.9610,156.0000,1169.06,2997.60,10.70,61.00,0.0000,0,0.0000,5,1,0.0000,1169.0600,-100.0,12,12,1,1169.0600,125.0990,1.00,125.10,0.50,125.10,1,1,3,1.80,HIBERNANDO,EN_RIESGO,DECAYENDO,C,C,Tradicional,Contado - Efectivo,1
329,1,1,1,3.3,115.5800,155.9200,59.4525,56.1275,2.0000,115.58,155.92,51.44,25.87,0.0000,0,0.0000,2,2,0.0000,115.5800,-100.0,30,10,2,1313.2800,651.8883,2.50,260.76,0.50,260.76,1,1,2,1.40,HIBERNANDO,EN_RIESGO,DECAYENDO,C,C,Tradicional,Contado - Efectivo,1
47,9,6,10,27.8,22094.3200,33518.9500,8836.5231,13257.7969,1158.0000,2454.92,3724.33,39.99,34.08,2263.9300,1,0.1025,76,10,9423.3000,12671.0200,-25.6,36,1,4,48641.7800,20077.2471,3.00,6692.42,0.05,12715.59,4,4,5,4.40,CAMPEON,MADURO,DECAYENDO,B,B,Tradicional,Crédito 90 días 2P (60-90),0
7,2,1,2,10.5,1032.8300,1485.3700,668.4680,364.3620,50.0000,516.42,742.69,64.72,30.47,0.0000,0,0.0000,4,3,1032.8300,0.0000,,19,0,2,1694.0700,1118.1280,1.58,706.19,0.05,1341.75,5,3,3,3.60,LEAL_POTENCIAL,MADURO,SIN_HISTORICO,C,C,Tradicional,Contado - Efectivo,0
41,24,5,10,50.0,30722.4300,30722.4050,29573.0209,1149.4091,138165.0500,1280.10,1280.10,96.26,0.00,0.0000,0,0.0000,5,2,19383.3000,11339.1300,70.9,20,1,2,54535.8600,35743.1254,1.67,21445.88,0.05,40747.18,4,5,5,4.70,CAMPEON,MADURO,CRECIENDO,B,A,Tradicional,Crédito 8 días,0
10,78,13,25,69.4,27325.2400,43114.7400,13646.7557,13678.4843,6427.0000,350.32,552.75,49.94,36.62,0.0000,0,0.0000,142,11,10212.3500,17112.8900,-40.3,36,0,4,130079.6800,60118.1864,3.00,20039.40,0.05,38074.85,5,5,5,5.00,CAMPEON,MADURO,DECAYENDO,B,A,Tradicional,Crédito 60 días 2P (45-60),0
220,1,1,1,14.3,98.2500,135.4900,64.2246,34.0254,5.5000,98.25,135.49,65.37,27.49,0.0000,0,0.0000,2,2,0.0000,98.2500,-100.0,7,7,1,98.2500,64.2246,0.58,110.10,0.50,110.10,2,2,1,1.60,HIBERNANDO,EN_RIESGO,DECAYENDO,C,C,Tradicional,Contado - Efectivo,1
179,1,1,1,20.0,348.3400,477.1700,140.3148,208.0252,5.0000,348.34,477.17,40.28,27.00,0.0000,0,0.0000,3,1,348.3400,0.0000,,5,5,1,348.3400,140.3148,0.42,336.76,0.20,538.81,2,1,2,1.70,HIBERNANDO,RIESGO_TEMPRANO,SIN_HISTORICO,C,C,Tradicional,Contado - Efectivo,0
139,2,2,2,40.0,1821.2700,2442.3700,929.6864,891.5836,2.0000,910.64,1221.19,51.05,25.43,0.0000,0,0.0000,2,1,1821.2700,0.0000,,5,4,1,1821.2700,929.6864,0.42,2231.25,0.20,3570.00,3,3,4,3.40,LEAL_ALTO_VALOR,RIESGO_TEMPRANO,SIN_HISTORICO,C,C,Tradicional,Contado - Transferencias,0
5,15,7,7,77.8,9457.1200,13671.0600,3659.5738,5797.5462,234.0000,630.47,911.40,38.70,30.82,0.0000,0,0.0000,2,2,4448.9500,5008.1700,-11.2,9,0,1,9457.1200,3659.5738,0.75,4879.43,0.05,9270.92,5,5,5,5.00,CAMPEON,DESARROLLO,DECAYENDO,C,C,Tradicional,Contado - Transferencias,0
32,4,3,3,11.1,1536.2500,2740.1000,569.0784,967.1716,7.0000,384.06,685.03,37.04,43.93,0.0000,0,0.0000,3,3,690.2300,846.0200,-18.4,27,1,2,1542.9500,572.9137,2.25,254.63,0.05,483.79,4,4,4,4.00,CAMPEON,MADURO,DECAYENDO,C,C,Tradicional,Contado - Efectivo,0
227,2,2,4,14.3,179.9400,253.9400,94.6037,85.3363,84.0000,89.97,126.97,52.58,29.14,0.0000,0,0.0000,8,2,0.0000,179.9400,-100.0,28,7,3,521.5100,314.1383,2.33,134.63,0.50,134.63,2,3,2,2.30,NECESITA_ATENCION,EN_RIESGO,DECAYENDO,C,C,Tradicional,Contado - Efectivo,1
95,1,1,1,33.3,1896.7300,2709.6200,1256.7180,640.0120,122.0000,1896.73,2709.62,66.26,30.00,0.0000,0,0.0000,1,1,1896.7300,0.0000,,3,3,1,1896.7300,1256.7180,0.25,5026.87,0.05,9551.06,3,2,4,3.10,HIBERNANDO,ADQUISICION,SIN_HISTORICO,C,C,Tradicional,Contado - Efectivo,0
111,1,1,1,33.3,465.6600,895.5000,178.9950,286.6650,30.0000,465.66,895.50,38.44,48.00,0.0000,0,0.0000,1,1,465.6600,0.0000,,3,3,1,465.6600,178.9950,0.25,715.98,0.05,1360.36,3,2,3,2.70,HIBERNANDO,ADQUISICION,SIN_HISTORICO,C,C,Tradicional,Crédito 90 días 2P (60-90),0
308,3,1,2,11.1,2461.3300,3824.1500,1285.2091,1176.1209,12.0000,820.44,1274.72,52.22,35.64,0.0000,0,0.0000,7,2,0.0000,2461.3300,-100.0,18,10,1,2562.5700,1336.9347,1.50,891.29,0.50,891.29,1,3,4,2.80,NECESITA_ATENCION,EN_RIESGO,DECAYENDO,C,C,Tradicional,Contado - Efectivo,1
32,7,5,9,29.0,5985.9900,10003.8000,3120.3490,2865.6410,104.0000,855.14,1429.11,52.13,40.16,95.0300,1,0.0159,12,4,4000.5900,1985.4000,101.5,31,1,3,29399.7500,16517.6836,2.58,6393.94,0.05,12148.49,4,4,4,4.00,CAMPEON,MADURO,CRECIENDO,B,B,Tradicional,Crédito 60 días 2P (30-60),0
3,4,2,5,15.2,2051.1100,3122.6500,1189.1441,861.9659,75.4000,512.78,780.66,57.98,34.32,0.0000,0,0.0000,5,2,2051.1100,0.0000,,33,0,3,13853.3400,7618.4852,2.75,2770.36,0.05,5263.68,5,4,4,4.30,CAMPEON,MADURO,SIN_HISTORICO,C,C,Tradicional,Contado - Efectivo,0
10,55,11,24,66.7,26308.1600,52268.7800,9067.7630,17240.3970,6361.0000,478.33,950.34,34.47,49.67,346.8100,2,0.0132,148,12,13188.9100,13119.2500,0.5,36,0,4,103204.5600,31957.1024,3.00,10652.37,0.05,20239.50,5,5,5,5.00,CAMPEON,MADURO,ESTABLE,B,B,Tradicional,Crédito 90 días 3P (30-60-90),0
0,52,12,23,85.2,22759.8700,45572.3600,6411.5175,16348.3525,1859.5000,437.69,876.39,28.17,50.06,0.0000,0,0.0000,96,11,7511.9200,15247.9500,-50.7,27,0,3,55769.7100,16231.8899,2.25,7214.17,0.05,13706.93,5,5,5,5.00,CAMPEON,MADURO,DECAYENDO,B,B,Tradicional,Crédito 90 días 3P (30-60-90),0
80,3,2,2,20.0,2512.1400,3351.3900,2019.9123,492.2277,27.0000,837.38,1117.13,80.41,25.04,0.0000,0,0.0000,4,2,173.8900,2338.2500,-92.6,10,2,2,2512.1400,2019.9123,0.83,2423.90,0.05,4605.40,3,4,4,3.70,LEAL_ALTO_VALOR,DESARROLLO,DECAYENDO,C,C,Tradicional,Contado - Efectivo,0
356,1,1,2,15.4,1259.6700,2332.7000,336.1254,923.5446,22.0000,1259.67,2332.70,26.68,46.00,0.0000,0,0.0000,4,1,0.0000,1259.6700,-100.0,13,11,1,2333.3100,723.4249,1.08,667.78,0.50,667.78,1,1,3,1.80,HIBERNANDO,EN_RIESGO,DECAYENDO,C,C,Tradicional,Contado - Efectivo,1
364,1,1,1,8.3,24.8400,35.4800,15.6984,9.1416,2.0000,24.84,35.48,63.20,29.99,0.0000,0,0.0000,1,1,0.0000,24.8400,-100.0,12,12,1,24.8400,15.6984,1.00,15.70,0.50,15.70,1,1,1,1.00,HIBERNANDO,EN_RIESGO,DECAYENDO,C,C,Tradicional,Contado - Efectivo,1
104,2,1,2,6.3,418.0400,522.5600,226.9992,191.0408,2.0000,209.02,261.28,54.30,20.00,0.0000,0,0.0000,1,1,418.0400,0.0000,,32,3,3,1786.4200,977.7492,2.67,366.66,0.05,696.65,3,3,3,3.00,LEAL_POTENCIAL,MADURO,SIN_HISTORICO,C,C,Tradicional,Contado - Efectivo,0
0,31,8,20,57.1,115885.7500,247562.9700,32653.3963,83232.3537,42765.0000,3738.25,7985.90,28.18,53.19,1884.1800,2,0.0163,104,10,27274.9900,88610.7600,-69.2,35,0,4,288740.5900,87865.6513,2.92,30125.37,0.05,57238.21,5,5,5,5.00,CAMPEON,MADURO,DECAYENDO,A,A,Tradicional,Crédito 90 días 3P (30-60-90),0
241,1,1,1,12.5,3509.1600,4678.8800,2762.7494,746.4106,2.0000,3509.16,4678.88,78.73,25.00,0.0000,0,0.0000,1,1,0.0000,3509.1600,-100.0,8,8,1,3509.1600,2762.7494,0.67,4144.13,0.50,4144.13,2,2,4,2.80,HIBERNANDO,EN_RIESGO,DECAYENDO,C,C,Tradicional,Contado - Efectivo,1
66,9,7,14,41.2,6312.5600,10990.2700,3333.3191,2979.2409,1341.0000,701.40,1221.14,52.80,42.56,0.0000,0,0.0000,17,3,2596.3300,3716.2300,-30.1,34,2,4,32075.2300,17349.5469,2.83,6123.37,0.05,11634.40,3,4,4,3.70,LEAL_ALTO_VALOR,MADURO,DECAYENDO,B,B,Tradicional,Crédito 45 días,0
137,1,1,1,3.4,257.6600,408.9800,167.9340,89.7260,1.0000,257.66,408.98,65.18,37.00,0.0000,0,0.0000,1,1,257.6600,0.0000,,29,4,2,334.9500,190.8437,2.42,78.97,0.20,126.35,3,1,2,2.00,OCASIONAL,RIESGO_TEMPRANO,SIN_HISTORICO,C,C,Tradicional,Contado - Efectivo,0
355,1,1,1,9.1,8447.8000,8447.8000,1478.4700,6969.3300,10.0000,8447.80,8447.80,17.50,0.00,0.0000,0,0.0000,1,1,0.0000,8447.8000,-100.0,11,11,1,8447.8000,1478.4700,0.92,1612.88,0.50,1612.88,1,1,5,2.60,PERDIDO_ALTO_VALOR,EN_RIESGO,DECAYENDO,C,C,Tradicional,Crédito 30 días,1
3,34,12,18,94.7,18056.9100,30304.6300,8496.4720,9560.4380,1972.5000,531.09,891.31,47.05,40.42,0.0000,0,0.0000,88,13,9162.7000,8894.2100,3.0,19,0,2,29128.1900,13067.0337,1.58,8252.87,0.05,15680.44,5,5,5,5.00,CAMPEON,MADURO,ESTABLE,B,B,Tradicional,Crédito 60 días 2P (30-60),0
0,93,13,25,69.4,81349.0600,159006.7700,24265.3373,57083.7227,5722.0000,874.72,1709.75,29.83,48.84,1793.8500,3,0.0221,164,13,31367.1400,49981.9200,-37.2,36,0,4,227539.1700,82408.5583,3.00,27469.52,0.05,52192.09,5,5,5,5.00,CAMPEON,MADURO,DECAYENDO,A,A,Tradicional,Crédito 60 días 2P (30-60),0
131,1,1,1,25.0,20.3400,27.1200,10.3360,10.0040,1.0000,20.34,27.12,50.82,25.00,0.0000,0,0.0000,1,1,20.3400,0.0000,,4,4,1,20.3400,10.3360,0.33,31.01,0.20,49.61,3,2,1,1.90,OCASIONAL,RIESGO_TEMPRANO,SIN_HISTORICO,C,C,Tradicional,Contado - Efectivo,0
7,3,2,2,100.0,234.1800,377.2900,99.6979,134.4821,14.0000,78.06,125.76,42.57,37.93,0.0000,0,0.0000,4,3,234.1800,0.0000,,2,0,1,234.1800,99.6979,0.17,598.19,0.05,1136.56,5,4,2,3.50,LEAL_POTENCIAL,ADQUISICION,SIN_HISTORICO,C,C,Tradicional,Contado - Efectivo,0
13,19,9,21,58.3,9173.1900,16043.1300,4765.1164,4408.0736,1687.3000,482.80,844.38,51.95,42.82,0.0000,0,0.0000,53,6,3967.5300,5205.6600,-23.8,36,0,4,70804.9000,33367.3705,3.00,11122.46,0.05,21132.67,5,5,5,5.00,CAMPEON,MADURO,DECAYENDO,B,B,Tradicional,Crédito 60 días 2P (30-60),0
91,1,1,1,2.9,30.2600,35.6000,16.0654,14.1946,1.0000,30.26,35.60,53.09,15.00,0.0000,0,0.0000,1,1,30.2600,0.0000,,34,3,2,62.3000,33.2863,2.83,11.75,0.05,22.32,3,2,1,1.90,OCASIONAL,MADURO,SIN_HISTORICO,C,C,Tradicional,Contado - Efectivo,0
116,8,6,8,57.1,688.8400,957.8900,382.1966,306.6434,25.3500,86.11,119.74,55.48,28.09,0.0000,0,0.0000,9,4,86.8300,602.0100,-85.6,14,3,2,992.8800,580.8265,1.17,497.85,0.05,945.92,3,4,3,3.30,LEAL_POTENCIAL,MADURO,DECAYENDO,C,C,Tradicional,Crédito 30 días,0
224,5,3,4,19.0,385.5600,431.0800,240.4992,145.0608,133.0000,77.11,86.22,62.38,10.56,0.0000,0,0.0000,3,2,0.0000,385.5600,-100.0,21,7,2,394.7300,245.0842,1.75,140.05,0.50,140.05,2,4,3,3.00,NECESITA_ATENCION,EN_RIESGO,DECAYENDO,C,C,Tradicional,Contado - Efectivo,1
152,2,1,1,20.0,4916.6000,7930.0000,3274.9576,1641.6424,63.0000,2458.30,3965.00,66.61,38.00,0.0000,0,0.0000,9,1,4916.6000,0.0000,,5,5,1,4916.6000,3274.9576,0.42,7859.91,0.20,12575.86,2,3,4,3.10,NECESITA_ATENCION,RIESGO_TEMPRANO,SIN_HISTORICO,C,C,Tradicional,Crédito 30 días,0
354,1,1,1,9.1,74.9900,99.9800,39.0048,35.9852,2.0000,74.99,99.98,52.01,24.99,0.0000,0,0.0000,1,1,0.0000,74.9900,-100.0,11,11,1,74.9900,39.0048,0.92,42.55,0.50,42.55,1,1,1,1.00,HIBERNANDO,EN_RIESGO,DECAYENDO,C,C,Tradicional,Contado - Efectivo,1
301,1,1,1,10.0,2.0700,2.5900,0.8963,1.1737,1.0000,2.07,2.59,43.30,20.08,0.0000,0,0.0000,1,1,0.0000,2.0700,-100.0,10,10,1,2.0700,0.8963,0.83,1.08,0.50,1.08,1,1,1,1.00,HIBERNANDO,EN_RIESGO,DECAYENDO,C,C,Tradicional,Contado - Efectivo,1
154,9,5,13,36.1,9024.0700,14429.7700,5475.8069,3548.2631,152.0000,1002.67,1603.31,60.68,37.46,0.0000,0,0.0000,10,1,2184.2400,6839.8300,-68.1,36,5,4,40854.6400,22389.6216,3.00,7463.21,0.20,11941.13,2,4,5,3.80,EN_RIESGO,RIESGO_TEMPRANO,DECAYENDO,B,B,Tradicional,Crédito 30 días,0
61,2,1,3,10.7,358.6300,860.3200,71.4373,287.1927,51.0000,179.32,430.16,19.92,58.31,0.0000,0,0.0000,7,2,358.6300,0.0000,,28,2,3,4178.0700,445.9700,2.33,191.13,0.05,363.15,4,3,2,2.90,LEAL_POTENCIAL,MADURO,SIN_HISTORICO,C,C,Tradicional,Crédito 45 días,0
311,1,1,1,10.0,102.5900,136.7800,70.1336,32.4564,2.0000,102.59,136.78,68.36,25.00,0.0000,0,0.0000,1,1,0.0000,102.5900,-100.0,10,10,1,102.5900,70.1336,0.83,84.16,0.50,84.16,1,1,1,1.00,HIBERNANDO,EN_RIESGO,DECAYENDO,C,C,Tradicional,Contado - Efectivo,1
194,2,2,2,18.2,27.7300,31.3500,15.1437,12.5863,11.0000,13.87,15.68,54.61,11.55,0.0000,0,0.0000,3,1,0.0000,27.7300,-100.0,11,6,2,27.7300,15.1437,0.92,16.52,0.20,26.43,2,3,1,1.90,NECESITA_ATENCION,RIESGO_TEMPRANO,DECAYENDO,C,C,Tradicional,Contado - Efectivo,0
6,9,6,10,31.3,2862.4800,5355.7500,825.3816,2037.0984,159.0000,318.05,595.08,28.83,46.55,0.0000,0,0.0000,7,3,1579.9800,1282.5000,23.2,32,0,3,9433.9800,3275.6367,2.67,1228.36,0.05,2333.89,5,4,4,4.30,CAMPEON,MADURO,CRECIENDO,C,C,Tradicional,Contado - Efectivo,0
101,5,3,4,20.0,1843.3500,2457.7800,1237.4536,605.8964,48.0000,368.67,491.56,67.13,25.00,0.0000,0,0.0000,10,1,901.1400,942.2100,-4.4,20,3,2,2691.6100,1857.5318,1.67,1114.52,0.05,2117.59,3,4,4,3.70,LEAL_ALTO_VALOR,MADURO,ESTABLE,C,C,Tradicional,Contado - Efectivo,0
220,2,1,1,14.3,516.7000,1016.0100,191.3098,325.3902,60.0000,258.35,508.01,37.03,49.14,0.0000,0,0.0000,8,4,0.0000,516.7000,-100.0,7,7,1,516.7000,191.3098,0.58,327.96,0.50,327.96,2,3,3,2.70,NECESITA_ATENCION,EN_RIESGO,DECAYENDO,C,C,Tradicional,Contado - Efectivo,1
348,2,2,10,32.3,4598.2600,7548.7000,2537.4740,2060.7860,42.0000,2299.13,3774.35,55.18,39.09,0.0000,0,0.0000,2,2,0.0000,4598.2600,-100.0,31,11,2,37882.7800,20055.0713,2.58,7763.25,0.50,7763.25,1,3,4,2.80,NECESITA_ATENCION,EN_RIESGO,DECAYENDO,B,B,Tradicional,Crédito 90 días 3P (45-60-90),1
286,1,1,1,11.1,37.7100,50.2800,23.0145,14.6955,1.0000,37.71,50.28,61.03,25.00,0.0000,0,0.0000,1,1,0.0000,37.7100,-100.0,9,9,1,37.7100,23.0145,0.75,30.69,0.50,30.69,1,1,1,1.00,HIBERNANDO,EN_RIESGO,DECAYENDO,C,C,Tradicional,Contado - Efectivo,1
206,1,1,1,3.4,109.5100,142.6200,63.0750,46.4350,125.0000,109.51,142.62,57.60,23.22,0.0000,0,0.0000,3,2,0.0000,109.5100,-100.0,29,6,2,371.6200,185.5707,2.42,76.79,0.20,122.86,2,1,2,1.70,HIBERNANDO,RIESGO_TEMPRANO,DECAYENDO,C,C,Tradicional,Contado - Transferencias,0
355,2,2,2,16.7,2357.1000,3928.5000,732.0795,1625.0205,105.0000,1178.55,1964.25,31.06,40.00,27.6000,1,0.0117,2,1,0.0000,2357.1000,-100.0,12,11,1,5287.7000,2453.6645,1.00,2453.66,0.50,2453.66,1,3,4,2.80,NECESITA_ATENCION,EN_RIESGO,DECAYENDO,C,C,Tradicional,Contado - Efectivo,1
109,1,1,1,33.3,76.4100,103.9700,43.4085,33.0015,6.0000,76.41,103.97,56.81,26.51,0.0000,0,0.0000,4,1,76.4100,0.0000,,3,3,1,76.4100,43.4085,0.25,173.63,0.05,329.90,3,2,1,1.90,OCASIONAL,ADQUISICION,SIN_HISTORICO,C,C,Tradicional,Contado - Efectivo,0
10,36,11,22,61.1,329695.6000,417702.7800,68417.4419,261278.1581,613.0000,9158.21,11602.86,20.75,21.07,0.0000,0,0.0000,39,8,97695.6600,231999.9400,-57.9,36,0,4,733790.3400,145805.5231,3.00,48601.84,0.05,92343.50,5,5,5,5.00,CAMPEON,MADURO,DECAYENDO,A,A,Tradicional,Crédito 90 días 2P (60-90),0
314,2,1,1,10.0,153.4100,202.8800,75.8086,77.6014,12.0000,76.71,101.44,49.42,24.38,0.0000,0,0.0000,4,3,0.0000,153.4100,-100.0,10,10,1,153.4100,75.8086,0.83,90.97,0.50,90.97,1,3,2,2.00,NECESITA_ATENCION,EN_RIESGO,DECAYENDO,C,C,Tradicional,Contado - Efectivo,1
227,2,1,2,8.7,158.2900,219.8500,105.0124,53.2776,5.0000,79.15,109.93,66.34,28.00,0.0000,0,0.0000,2,1,0.0000,158.2900,-100.0,23,7,2,293.0700,153.5748,1.92,80.13,0.50,80.13,2,3,2,2.30,NECESITA_ATENCION,EN_RIESGO,DECAYENDO,C,C,Tradicional,Contado - Efectivo,1
52,11,7,11,32.4,15088.4400,22417.3000,11136.8357,3951.6043,65.0000,1371.68,2037.94,73.81,32.69,0.0000,0,0.0000,9,3,9937.2200,5151.2200,92.9,34,1,4,34198.8600,24538.9713,2.83,8660.81,0.05,16455.55,4,5,5,4.70,CAMPEON,MADURO,CRECIENDO,B,B,Tradicional,Contado - Efectivo,0
321,3,2,2,18.2,1945.0200,2664.4000,1092.1732,852.8468,86.0000,648.34,888.13,56.15,27.00,0.0000,0,0.0000,3,1,0.0000,1945.0200,-100.0,11,10,1,1945.0200,1092.1732,0.92,1191.46,0.50,1191.46,1,3,4,2.80,NECESITA_ATENCION,EN_RIESGO,DECAYENDO,C,C,Tradicional,Contado - Efectivo,1
11,1,1,1,3.1,106.4900,177.1800,39.8039,66.6861,9.0000,106.49,177.18,37.38,39.90,0.0000,0,0.0000,3,3,106.4900,0.0000,,32,0,2,110.9900,42.1594,2.67,15.81,0.05,30.04,5,3,2,3.20,LEAL_POTENCIAL,MADURO,SIN_HISTORICO,C,C,Tradicional,Crédito 8 días,0
207,2,2,2,20.0,333494.7700,333494.7700,97675.2556,235819.5144,13.0000,166747.39,166747.39,29.29,0.00,0.0000,0,0.0000,13,2,0.0000,333494.7700,-100.0,10,6,2,333494.7700,97675.2556,0.83,117210.35,0.20,187536.57,2,3,5,3.50,NECESITA_ATENCION,RIESGO_TEMPRANO,DECAYENDO,A,A,Tradicional,Crédito 90 días,0
19,12,7,12,36.4,5129.9200,7666.0900,3014.6829,2115.2371,213.0000,427.49,638.84,58.77,33.08,0.0000,0,0.0000,25,4,2256.6700,2873.2500,-21.5,33,0,3,15920.7200,8317.9149,2.75,3024.70,0.05,5746.92,4,5,4,4.30,CAMPEON,MADURO,DECAYENDO,C,B,Tradicional,Contado - Efectivo,0
251,1,1,1,12.5,121.3600,161.8000,67.3713,53.9887,8.0000,121.36,161.80,55.51,24.99,0.0000,0,0.0000,4,3,0.0000,121.3600,-100.0,8,8,1,121.3600,67.3713,0.67,101.06,0.50,101.06,2,2,2,2.00,HIBERNANDO,EN_RIESGO,DECAYENDO,C,C,Tradicional,Contado - Efectivo,1
339,2,1,1,9.1,56.7400,78.4300,30.1183,26.6217,11.0000,28.37,39.22,53.08,27.66,0.0000,0,0.0000,5,1,0.0000,56.7400,-100.0,11,11,1,56.7400,30.1183,0.92,32.86,0.50,32.86,1,3,1,1.60,NECESITA_ATENCION,EN_RIESGO,DECAYENDO,C,C,Tradicional,Contado - Efectivo,1
210,3,3,4,33.3,6371.6300,10979.1000,1896.6626,4474.9674,165.0000,2123.88,3659.70,29.77,41.97,0.0000,0,0.0000,2,2,0.0000,6371.6300,-100.0,12,7,2,6416.8900,1911.2436,1.00,1911.24,0.50,1911.24,2,4,4,3.40,EN_RIESGO,EN_RIESGO,DECAYENDO,C,C,Tradicional,Contado - Efectivo,1
12,43,11,21,67.7,52330.2100,85642.1200,22077.3876,30252.8224,1657.0000,1216.98,1991.68,42.19,38.90,0.0000,0,0.0000,77,5,20311.8900,32018.3200,-36.6,31,0,3,101107.6700,42474.0876,2.58,16441.58,0.05,31239.01,5,5,5,5.00,CAMPEON,MADURO,DECAYENDO,B,A,Tradicional,Crédito 90 días 3P (30-60-90),0
20,53,12,25,71.4,44028.9100,85050.7100,18566.3434,25462.5666,4991.0000,830.73,1604.73,42.17,48.23,226.3600,3,0.0051,174,7,24563.7400,19465.1700,26.2,35,0,4,79484.2900,31089.1558,2.92,10659.14,0.05,20252.37,4,5,5,4.70,CAMPEON,MADURO,CRECIENDO,B,B,Tradicional,Crédito 60 días,0
283,1,1,3,8.8,43.0700,75.5700,14.4765,28.5935,6.0000,43.07,75.57,33.61,43.01,0.0000,0,0.0000,3,1,0.0000,43.0700,-100.0,34,9,4,100.8500,-21.2370,2.83,-7.50,0.50,-7.50,1,1,1,1.00,HIBERNANDO,EN_RIESGO,DECAYENDO,C,C,Tradicional,Crédito 30 días,1
312,2,1,1,3.0,2042.2200,2964.8600,1222.6933,819.5267,34.0000,1021.11,1482.43,59.87,31.12,0.0000,0,0.0000,5,2,0.0000,2042.2200,-100.0,33,10,2,2731.1900,1593.2256,2.75,579.35,0.50,579.35,1,3,4,2.80,NECESITA_ATENCION,EN_RIESGO,DECAYENDO,C,C,Tradicional,Contado - Efectivo,1
3,17,10,20,57.1,4192.1700,6776.4800,1797.7272,2394.4428,2352.0000,246.60,398.62,42.88,38.14,0.0000,0,0.0000,14,3,2211.4100,1980.7600,11.6,35,0,4,38123.6200,17893.6136,2.92,6134.95,0.05,11656.41,5,5,4,4.60,CAMPEON,MADURO,CRECIENDO,B,B,Tradicional,Crédito 60 días 2P (30-60),0
285,1,1,1,11.1,26.2900,31.6000,10.9521,15.3379,5.0000,26.29,31.60,41.66,16.80,0.0000,0,0.0000,5,2,0.0000,26.2900,-100.0,9,9,1,26.2900,10.9521,0.75,14.60,0.50,14.60,1,1,1,1.00,HIBERNANDO,EN_RIESGO,DECAYENDO,C,C,Tradicional,Contado - Efectivo,1
32,2,2,2,66.7,609.9900,893.6400,197.2582,412.7318,52.0000,305.00,446.82,32.34,31.74,0.0000,0,0.0000,2,2,609.9900,0.0000,,3,1,1,609.9900,197.2582,0.25,789.03,0.05,1499.16,4,3,3,3.30,LEAL_POTENCIAL,ADQUISICION,SIN_HISTORICO,C,C,Tradicional,Contado - Efectivo,0
168,1,1,1,20.0,369.1200,492.1500,257.6735,111.4465,10.0000,369.12,492.15,69.81,25.00,0.0000,0,0.0000,2,1,369.1200,0.0000,,5,5,1,369.1200,257.6735,0.42,618.42,0.20,989.47,2,1,2,1.70,HIBERNANDO,RIESGO_TEMPRANO,SIN_HISTORICO,C,C,Tradicional,Contado - Efectivo,0
5,5,4,4,12.1,986.3900,1315.1600,620.6546,365.7354,11.0000,197.28,263.03,62.92,25.00,0.0000,0,0.0000,6,4,622.7700,363.6200,71.3,33,0,3,3986.8800,2786.9123,2.75,1013.42,0.05,1925.50,5,4,3,3.90,LEAL_POTENCIAL,MADURO,CRECIENDO,C,C,Tradicional,Contado - Efectivo,0
27,1,1,1,100.0,455.8700,536.3200,351.1520,104.7180,1.0000,455.87,536.32,77.03,15.00,0.0000,0,0.0000,1,1,455.8700,0.0000,,1,1,1,455.8700,351.1520,0.08,4213.84,0.05,8006.30,4,2,3,3.00,NUEVO_PROMETEDOR,ADQUISICION,SIN_HISTORICO,C,C,Tradicional,Contado - Efectivo,0
97,7,2,2,50.0,1376.3600,2085.6900,716.5175,659.8425,51.0000,196.62,297.96,52.06,34.01,0.0000,0,0.0000,7,3,1376.3600,0.0000,,4,3,1,1376.3600,716.5175,0.33,2149.55,0.05,4084.15,3,4,4,3.70,LEAL_ALTO_VALOR,DESARROLLO,SIN_HISTORICO,C,C,Tradicional,Contado - Efectivo,0
308,2,1,1,10.0,519.9700,689.6200,342.7376,177.2324,6.0000,259.99,344.81,65.91,24.60,0.0000,0,0.0000,3,3,0.0000,519.9700,-100.0,10,10,1,519.9700,342.7376,0.83,411.29,0.50,411.29,1,3,3,2.40,NECESITA_ATENCION,EN_RIESGO,DECAYENDO,C,C,Tradicional,Contado - Efectivo,1
33,93,11,22,61.1,105668.8200,180127.4400,51658.4805,54010.3395,13510.0000,1136.22,1936.85,48.89,41.34,502.0100,1,0.0048,47,9,52656.0400,53012.7800,-0.7,36,1,4,316543.0700,136195.7734,3.00,45398.59,0.05,86257.32,4,5,5,4.70,CAMPEON,MADURO,ESTABLE,A,A,Tradicional,Crédito 90 días 2P (60-90),0
4,37,11,23,63.9,11928.6700,28048.2600,2442.1274,9486.5426,1974.0000,322.40,758.06,20.47,57.47,54.8800,1,0.0046,62,9,8304.0600,3624.6100,129.1,36,0,4,66937.2300,22621.9929,3.00,7540.66,0.05,14327.26,5,5,5,5.00,CAMPEON,MADURO,CRECIENDO,B,B,Tradicional,Crédito 30 días,0
62,1,1,1,50.0,4.9800,6.6300,2.7813,2.1987,6.0000,4.98,6.63,55.85,24.89,0.0000,0,0.0000,2,1,4.9800,0.0000,,2,2,1,4.9800,2.7813,0.17,16.69,0.05,31.71,4,2,1,2.20,NUEVO_PROMETEDOR,ADQUISICION,SIN_HISTORICO,C,C,Tradicional,Contado - Efectivo,0
0,52,5,5,125.0,71210.6400,156932.7900,20245.0086,50965.6314,11866.0000,1369.44,3017.94,28.43,54.62,484.9200,2,0.0068,192,10,71210.6400,0.0000,,4,0,1,71210.6400,20245.0086,0.33,60735.09,0.05,115396.66,5,5,5,5.00,CAMPEON,DESARROLLO,SIN_HISTORICO,B,B,Tradicional,Crédito 90 días 3P (30-60-90),0
19,1,1,1,3.8,14966.0000,14966.0000,14966.0000,0.0000,1.0000,14966.00,14966.00,100.00,0.00,0.0000,0,0.0000,1,1,14966.0000,0.0000,,26,0,2,21264.8800,16476.9614,2.17,7604.75,0.05,14449.03,4,3,5,4.10,LEAL_ALTO_VALOR,MADURO,SIN_HISTORICO,B,B,Tradicional,Crédito 15 días,0
329,3,2,3,10.7,218.9900,331.8500,105.7747,113.2153,32.0000,73.00,110.62,48.30,34.01,0.0000,0,0.0000,11,5,0.0000,218.9900,-100.0,28,10,2,1132.7600,687.5225,2.33,294.65,0.50,294.65,1,3,2,2.00,NECESITA_ATENCION,EN_RIESGO,DECAYENDO,C,C,Tradicional,Contado - Efectivo,1
208,1,1,1,16.7,361.8500,882.6000,63.5228,298.3272,54.0000,361.85,882.60,17.56,59.00,0.0000,0,0.0000,5,1,0.0000,361.8500,-100.0,6,6,1,361.8500,63.5228,0.50,127.05,0.20,203.27,2,1,2,1.70,HIBERNANDO,RIESGO_TEMPRANO,DECAYENDO,C,C,Tradicional,Contado - Efectivo,0
362,1,1,1,8.3,223.3100,296.7400,106.0936,117.2164,5.0000,223.31,296.74,47.51,24.75,0.0000,0,0.0000,2,2,0.0000,223.3100,-100.0,12,12,1,223.3100,106.0936,1.00,106.09,0.50,106.09,1,1,2,1.40,HIBERNANDO,EN_RIESGO,DECAYENDO,C,C,Tradicional,Contado - Efectivo,1
3,75,12,20,57.1,20917.2800,37962.5900,7321.2861,13595.9939,3254.0000,278.90,506.17,35.00,44.90,0.0000,0,0.0000,87,9,7651.7000,13265.5800,-42.3,35,0,4,37248.5200,14712.7444,2.92,5044.37,0.05,9584.30,5,5,5,5.00,CAMPEON,MADURO,DECAYENDO,B,B,Tradicional,Crédito 60 días,0
33,10,8,15,44.1,3994.1700,6997.1000,1986.8311,2007.3389,105.0000,399.42,699.71,49.74,42.92,0.0000,0,0.0000,12,6,3486.1100,508.0600,586.2,34,1,4,46766.7800,30435.8615,2.83,10742.07,0.05,20409.93,4,5,4,4.30,CAMPEON,MADURO,CRECIENDO,B,B,Tradicional,Crédito 30 días,0
11,27,8,12,42.9,13504.6100,22877.7500,8196.1035,5308.5065,1205.0000,500.17,847.32,60.69,40.97,0.0000,0,0.0000,39,5,5147.3300,8357.2800,-38.4,28,0,3,34538.5800,22425.5820,2.33,9610.97,0.05,18260.83,5,5,5,5.00,CAMPEON,MADURO,DECAYENDO,B,B,Tradicional,Crédito 30 días,0
66,1,1,1,50.0,40.9800,56.1400,14.6080,26.3720,1.0000,40.98,56.14,35.65,27.00,0.0000,0,0.0000,1,1,40.9800,0.0000,,2,2,1,40.9800,14.6080,0.17,87.65,0.05,166.53,4,2,1,2.20,NUEVO_PROMETEDOR,ADQUISICION,SIN_HISTORICO,C,C,Tradicional,Contado - Efectivo,0
80,5,4,6,26.1,960.4800,1937.5000,259.2886,701.1914,74.0000,192.10,387.50,27.00,50.43,0.0000,0,0.0000,14,7,744.2800,216.2000,244.3,23,2,2,1730.1800,618.2928,1.92,322.59,0.05,612.92,3,4,3,3.30,LEAL_POTENCIAL,MADURO,CRECIENDO,C,C,Tradicional,Crédito 30 días,0
355,1,1,2,9.5,5356.6400,5356.6400,548.6400,4808.0000,1.0000,5356.64,5356.64,10.24,0.00,0.0000,0,0.0000,1,1,0.0000,5356.6400,-100.0,21,11,1,5388.9800,558.2839,1.75,319.02,0.50,319.02,1,1,4,2.20,PERDIDO_ALTO_VALOR,EN_RIESGO,DECAYENDO,C,C,Tradicional,Crédito 30 días,1
181,14,2,2,7.4,4509.1100,10783.1300,788.2347,3720.8753,1006.0000,322.08,770.22,17.48,58.18,144.3000,1,0.0320,36,4,922.1100,3587.0000,-74.3,27,6,2,6096.5700,1491.3077,2.25,662.80,0.20,1060.49,2,5,4,3.70,EN_RIESGO,RIESGO_TEMPRANO,DECAYENDO,C,C,Tradicional,Crédito 60 días 2P (45-60),0
5,151,13,25,71.4,81832.2200,158041.5400,28509.1155,53323.1045,8250.5000,541.94,1046.63,34.84,48.22,516.0600,1,0.0063,158,18,34561.0200,47271.2000,-26.9,35,0,4,207720.1600,74610.3912,2.92,25580.71,0.05,48603.35,5,5,5,5.00,CAMPEON,MADURO,DECAYENDO,A,A,Tradicional,Crédito 60 días 2P (30-60),0
280,3,3,5,31.3,856.5400,1137.9700,680.7883,175.7517,3.0000,285.51,379.32,79.48,24.73,0.0000,0,0.0000,3,1,0.0000,856.5400,-100.0,16,9,2,2135.3600,1602.9333,1.33,1202.20,0.50,1202.20,1,4,3,2.70,NECESITA_ATENCION,EN_RIESGO,DECAYENDO,C,C,Tradicional,Contado - Efectivo,1
55,1,1,1,100.0,2999.6800,4285.2600,1972.0400,1027.6400,8.0000,2999.68,4285.26,65.74,30.00,0.0000,0,0.0000,4,1,2999.6800,0.0000,,1,1,1,2999.6800,1972.0400,0.08,23664.57,0.05,44962.69,4,3,4,3.70,LEAL_ALTO_VALOR,ADQUISICION,SIN_HISTORICO,C,C,Tradicional,Contado - Efectivo,0
291,1,1,1,11.1,23.8900,28.1000,12.7140,11.1760,10.0000,23.89,28.10,53.22,14.98,0.0000,0,0.0000,1,1,0.0000,23.8900,-100.0,9,9,1,23.8900,12.7140,0.75,16.95,0.50,16.95,1,1,1,1.00,HIBERNANDO,EN_RIESGO,DECAYENDO,C,C,Tradicional,Contado - Efectivo,1
66,7,3,4,23.5,758.7400,990.7700,553.9791,204.7609,89.0000,108.39,141.54,73.01,23.42,0.0000,0,0.0000,7,2,660.8600,97.8800,575.2,17,2,2,1310.0900,890.7054,1.42,628.73,0.05,1194.59,3,4,3,3.30,LEAL_POTENCIAL,MADURO,CRECIENDO,C,C,Tradicional,Contado - Efectivo,0
32,1,1,1,100.0,412.1500,615.1500,202.0263,210.1237,1.0000,412.15,615.15,49.02,33.00,0.0000,0,0.0000,1,1,412.1500,0.0000,,1,1,1,412.1500,202.0263,0.08,2424.33,0.05,4606.22,4,2,3,3.00,NUEVO_PROMETEDOR,ADQUISICION,SIN_HISTORICO,C,C,Tradicional,Contado - Efectivo,0
0,520,13,25,69.4,1172969.2100,2526799.8500,380358.8544,792610.3556,125152.0000,2255.71,4859.23,32.43,53.58,25647.1000,6,0.0219,656,16,571267.2400,601701.9700,-5.1,36,0,4,3057659.7600,908908.9941,3.00,302969.66,0.05,575642.36,5,5,5,5.00,CAMPEON,MADURO,ESTABLE,A,A,Tradicional,Crédito 90 días 3P (45-60-90),0
199,1,1,1,16.7,325.7300,407.1600,242.2038,83.5262,2.0000,325.73,407.16,74.36,20.00,0.0000,0,0.0000,1,1,0.0000,325.7300,-100.0,6,6,1,325.7300,242.2038,0.50,484.41,0.20,775.05,2,1,2,1.70,HIBERNANDO,RIESGO_TEMPRANO,DECAYENDO,C,C,Tradicional,Contado - Efectivo,0
3,7,3,5,15.2,439.7500,577.5000,248.0351,191.7149,79.0000,62.82,82.50,56.40,23.85,0.0000,0,0.0000,12,7,439.7500,0.0000,,33,0,3,518.6100,282.9385,2.75,102.89,0.05,195.48,5,4,3,3.90,LEAL_POTENCIAL,MADURO,SIN_HISTORICO,C,C,Tradicional,Contado - Efectivo,0
206,1,1,1,3.2,11.6800,16.0000,8.7760,2.9040,8.0000,11.68,16.00,75.14,27.00,0.0000,0,0.0000,1,1,0.0000,11.6800,-100.0,31,6,2,28.0700,18.9050,2.58,7.32,0.20,11.71,2,1,1,1.30,HIBERNANDO,RIESGO_TEMPRANO,DECAYENDO,C,C,Tradicional,Contado - Efectivo,0
19,25,8,17,47.2,7572.3800,12884.8000,2848.4271,4723.9529,2400.0000,302.90,515.39,37.62,41.23,0.0000,0,0.0000,36,9,4612.8400,2959.5400,55.9,36,0,4,16706.2300,6556.8250,3.00,2185.61,0.05,4152.66,4,5,4,4.30,CAMPEON,MADURO,CRECIENDO,C,B,Tradicional,Crédito 30 días,0
66,2,2,2,66.7,189.5400,252.6900,111.3078,78.2322,8.0000,94.77,126.35,58.73,24.99,0.0000,0,0.0000,5,2,189.5400,0.0000,,3,2,1,189.5400,111.3078,0.25,445.23,0.05,845.94,4,3,2,2.90,LEAL_POTENCIAL,ADQUISICION,SIN_HISTORICO,C,C,Tradicional,Contado - Efectivo,0
69,1,1,5,14.7,105.3100,138.4800,67.2324,38.0776,24.0000,105.31,138.48,63.84,23.95,0.0000,0,0.0000,2,2,105.3100,0.0000,,34,2,4,3541.2900,2007.3598,2.83,708.48,0.05,1346.11,3,2,2,2.30,OCASIONAL,MADURO,SIN_HISTORICO,C,C,Tradicional,Contado - Efectivo,0
80,2,2,7,38.9,330.7200,505.7000,202.1780,128.5420,13.0000,165.36,252.85,61.13,34.60,0.0000,0,0.0000,3,3,330.7200,0.0000,,18,2,2,1225.4500,676.9331,1.50,451.29,0.05,857.45,3,3,2,2.60,LEAL_POTENCIAL,MADURO,SIN_HISTORICO,C,C,Tradicional,Contado - Efectivo,0
39,9,6,6,21.4,3227.1900,6286.7500,719.7161,2507.4739,114.0000,358.58,698.53,22.30,48.67,0.0000,0,0.0000,17,6,2834.9100,392.2800,622.7,28,1,3,3296.0100,741.4158,2.33,317.75,0.05,603.72,4,4,4,4.00,CAMPEON,MADURO,CRECIENDO,C,C,Tradicional,Crédito 45 días 2P (30-45),0
38,3,3,3,27.3,622.4300,945.8900,324.5846,297.8454,4.0000,207.48,315.30,52.15,34.20,0.0000,0,0.0000,3,3,96.3300,526.1000,-81.7,11,1,2,622.4300,324.5846,0.92,354.09,0.05,672.78,4,4,3,3.60,LEAL_POTENCIAL,DESARROLLO,DECAYENDO,C,C,Tradicional,Contado - Efectivo,0
131,1,1,3,8.6,541.9100,752.6600,374.7096,167.2004,12.0000,541.91,752.66,69.15,28.00,0.0000,0,0.0000,2,1,541.9100,0.0000,,35,4,4,3272.5600,2202.8946,2.92,755.28,0.20,1208.45,3,2,3,2.70,HIBERNANDO,RIESGO_TEMPRANO,SIN_HISTORICO,C,C,Tradicional,Contado - Efectivo,0
179,1,1,1,20.0,1832.4500,2908.6500,1124.6420,707.8080,15.0000,1832.45,2908.65,61.37,37.00,0.0000,0,0.0000,1,1,1832.4500,0.0000,,5,5,1,1832.4500,1124.6420,0.42,2699.15,0.20,4318.63,2,2,4,2.80,HIBERNANDO,RIESGO_TEMPRANO,SIN_HISTORICO,C,C,Tradicional,Contado - Efectivo,0
48,1,1,1,100.0,1041.0700,1601.6400,402.0176,639.0524,16.0000,1041.07,1601.64,38.62,35.00,0.0000,0,0.0000,4,2,1041.0700,0.0000,,1,1,1,1041.0700,402.0176,0.08,4824.23,0.05,9166.04,4,2,3,3.00,NUEVO_PROMETEDOR,ADQUISICION,SIN_HISTORICO,C,C,Tradicional,Contado - Efectivo,0
19,8,7,8,38.1,47093.5600,48358.3500,26882.8243,20210.7357,181.0000,5886.70,6044.79,57.08,2.62,0.0000,0,0.0000,26,4,41478.6400,5614.9200,638.7,21,0,2,47134.7500,26903.4905,1.75,15373.42,0.05,29209.50,4,4,5,4.40,CAMPEON,MADURO,CRECIENDO,B,A,Tradicional,Crédito 90 días,0
139,32,9,21,72.4,24847.9200,39611.4200,14038.7007,10809.2193,348.0000,776.50,1237.86,56.50,37.27,0.0000,0,0.0000,20,4,10169.3900,14678.5300,-30.7,29,4,3,95832.8700,53339.2551,2.42,22071.42,0.20,35314.28,3,5,5,4.40,LEAL_ALTO_VALOR,RIESGO_TEMPRANO,DECAYENDO,B,A,Tradicional,Crédito 60 días,0
10,19,5,5,45.5,22969.9800,36590.0300,15237.5702,7732.4098,1456.0000,1208.95,1925.79,66.34,37.22,0.0000,0,0.0000,49,7,22550.6800,419.3000,5278.2,11,0,2,22969.9800,15237.5702,0.92,16622.82,0.05,31583.35,5,5,5,5.00,CAMPEON,DESARROLLO,CRECIENDO,B,B,Tradicional,Crédito 8 días,0
259,4,3,12,34.3,1941.0800,3837.0800,507.2568,1433.8232,1306.0000,485.27,959.27,26.13,49.41,0.0000,0,0.0000,5,2,0.0000,1941.0800,-100.0,35,8,4,54942.1000,10545.7156,2.92,3615.67,0.50,3615.67,2,4,4,3.40,EN_RIESGO,EN_RIESGO,DECAYENDO,B,C,Tradicional,Crédito 90 días 3P (30-60-90),1
139,1,1,2,5.9,28.3500,38.8400,13.0520,15.2980,4.0000,28.35,38.84,46.04,27.01,0.0000,0,0.0000,1,1,28.3500,0.0000,,34,4,4,1546.0700,1037.7223,2.83,366.25,0.20,586.01,3,2,1,1.90,OCASIONAL,RIESGO_TEMPRANO,SIN_HISTORICO,C,C,Tradicional,Contado - Efectivo,0
194,2,1,2,12.5,129.8700,177.9000,56.1370,73.7330,110.0000,64.94,88.95,43.23,27.00,0.0000,0,0.0000,2,2,0.0000,129.8700,-100.0,16,6,2,255.9800,125.8665,1.33,94.40,0.20,151.04,2,3,2,2.30,NECESITA_ATENCION,RIESGO_TEMPRANO,DECAYENDO,C,C,Tradicional,Contado - Efectivo,0
154,1,1,2,10.5,560.4300,889.7500,245.3972,315.0328,2.0000,560.43,889.75,43.79,37.01,0.0000,0,0.0000,2,2,560.4300,0.0000,,19,5,2,664.6400,301.4131,1.58,190.37,0.20,304.59,2,2,3,2.40,HIBERNANDO,RIESGO_TEMPRANO,SIN_HISTORICO,C,C,Tradicional,Contado - Efectivo,0
4,187,13,25,69.4,268315.4000,495719.2700,124453.4285,143861.9715,20028.0000,1434.84,2650.91,46.38,45.87,120.1800,1,0.0004,149,6,148282.1300,120033.2700,23.5,36,0,4,811057.3500,409442.2114,3.00,136480.74,0.05,259313.40,5,5,5,5.00,CAMPEON,MADURO,CRECIENDO,A,A,Tradicional,Crédito 90 días 3P (30-60-90),0
5,1,1,1,,254.3100,335.7500,107.9569,146.3531,11.0000,254.31,335.75,42.45,24.26,0.0000,0,0.0000,2,2,254.3100,0.0000,,0,0,1,254.3100,107.9569,0.00,,0.05,,5,2,2,2.90,NUEVO_PROMETEDOR,ADQUISICION,SIN_HISTORICO,C,C,Tradicional,Contado - Efectivo,0
